{"minzoom":0,"maxzoom":8,"center":[124.453125,-15.960188,8.0],"bounds":[72.0,-55.0,170.0,-6.272362]}