{"minzoom":0,"maxzoom":9,"center":[123.398438,-16.29876,9.0],"bounds":[72.0,-55.0,170.0,-6.272362]}